{
  "cities": [
    {
      "name": "revathy"
    },
    {
      "name": "savitha"
    },
    {
      "name": "geetha"
    },
    {
      "name": "priya"
    },
    {
      "name": "revathy"
    },
    {
      "name": "savitha"
    },
    {
      "name": "geetha"
    },
    {
      "name": "priya"
    }
  ],
  "userDetails": [
    {
      "name": "revathy",
      "age": "33",
      "phone": "987654321",
      "email": "revathy@gmail.com",
      "city": "chennai",
      "state": "tamilnadu"
    },
    {
      "name": "savitha",
      "age": "33",
      "phone": "987654321",
      "email": "revathy@gmail.com",
      "city": "chennai",
      "state": "tamilnadu"
    },
    {
      "name": "geetha",
      "age": "33",
      "phone": "987654321",
      "email": "revathy@gmail.com",
      "city": "chennai",
      "state": "tamilnadu"
    },
    {
      "name": "revathy",
      "age": "33",
      "phone": "987654321",
      "email": "revathy@gmail.com",
      "city": "chennai",
      "state": "tamilnadu"
    },
    {
      "name": "kavitha",
      "age": "33",
      "phone": "987654321",
      "email": "revathy@gmail.com",
      "city": "chennai",
      "state": "tamilnadu"
    },
    {
      "name": "revathy",
      "age": "33",
      "phone": "987654321",
      "email": "revathy@gmail.com",
      "city": "chennai",
      "state": "tamilnadu"
    }
  ]
}